{"accuracy": 0.819047619047619, "specificity": 0.0625, "sensitivity": 0.9550561797752809}
